Date,AMD,NVDA
2020-01-02,49.099998474121094,5.970752239227295
2020-01-03,48.599998474121094,5.875187873840332
2020-01-06,48.38999938964844,5.899825572967529
2020-01-07,48.25,5.971251010894775
2020-01-08,47.83000183105469,5.982451915740967
2020-01-09,48.970001220703125,6.048154354095459
2020-01-10,48.16999816894531,6.080508232116699
2020-01-13,48.75,6.271146297454834
2020-01-14,48.209999084472656,6.154175281524658
2020-01-15,48.54999923706055,6.111617088317871
2020-01-16,49.77000045776367,6.195239543914795
2020-01-17,50.93000030517578,6.203949451446533
2020-01-21,51.04999923706055,6.170600891113281
2020-01-22,51.43000030517578,6.224606513977051
2020-01-23,51.709999084472656,6.293045997619629
2020-01-24,50.349998474121094,6.233814716339111
2020-01-27,49.2599983215332,5.97797155380249
2020-01-28,50.529998779296875,6.171346664428711
2020-01-29,47.5099983215332,6.110870361328125
2020-01-30,48.779998779296875,6.117590427398682
2020-01-31,47.0,5.884145259857178
2020-02-03,48.02000045776367,5.981207847595215
2020-02-04,49.45000076293945,6.150441646575928
2020-02-05,49.84000015258789,6.240784645080566
2020-02-06,49.31999969482422,6.327640533447266
2020-02-07,49.72999954223633,6.261439323425293
2020-02-10,52.2599983215332,6.5446600914001465
2020-02-11,53.79999923706055,6.6671061515808105
2020-02-12,53.88999938964844,6.782832145690918
2020-02-13,54.529998779296875,6.7390313148498535
2020-02-14,55.310001373291016,7.2121405601501465
2020-02-18,56.88999938964844,7.380878925323486
2020-02-19,58.900001525878906,7.832088947296143
2020-02-20,57.27000045776367,7.682764053344727
2020-02-21,53.279998779296875,7.318660259246826
2020-02-24,49.119998931884766,6.801248550415039
2020-02-25,47.56999969482422,6.521764278411865
2020-02-26,47.4900016784668,6.6611328125
2020-02-27,44.0099983215332,6.290337085723877
2020-02-28,45.47999954223633,6.7253804206848145
2020-03-02,47.459999084472656,6.883760452270508
2020-03-03,46.75,6.621290683746338
2020-03-04,50.11000061035156,7.0849714279174805
2020-03-05,48.11000061035156,6.805566787719727
2020-03-06,48.59000015258789,6.62502384185791
2020-03-09,43.27000045776367,6.112035274505615
2020-03-10,45.380001068115234,6.5015082359313965
2020-03-11,45.70000076293945,6.137685775756836
2020-03-12,39.0099983215332,5.386631011962891
2020-03-13,43.900001525878906,5.997485160827637
2020-03-16,38.709999084472656,4.8908233642578125
2020-03-17,41.880001068115234,5.4105353355407715
2020-03-18,39.119998931884766,5.050697326660156
2020-03-19,39.81999969482422,5.303456783294678
2020-03-20,39.61000061035156,5.123661518096924
2020-03-23,41.63999938964844,5.296483039855957
2020-03-24,46.220001220703125,6.205170154571533
2020-03-25,44.630001068115234,6.116518020629883
2020-03-26,47.5,6.405882835388184
2020-03-27,46.58000183105469,6.293575286865234
2020-03-30,47.86000061035156,6.61381721496582
2020-03-31,45.47999954223633,6.564263343811035
2020-04-01,43.65999984741211,6.053016662597656
2020-04-02,44.4900016784668,6.361806869506836
2020-04-03,42.59000015258789,6.073936462402344
2020-04-06,47.52000045776367,6.6837944984436035
2020-04-07,47.560001373291016,6.450459957122803
2020-04-08,48.790000915527344,6.647686004638672
2020-04-09,48.380001068115234,6.548076629638672
2020-04-13,50.939998626708984,6.719900608062744
2020-04-14,54.93000030517578,7.0710248947143555
2020-04-15,54.9900016784668,6.9935808181762695
2020-04-16,56.95000076293945,7.3387250900268555
2020-04-17,56.599998474121094,7.279458522796631
2020-04-20,56.970001220703125,7.148223400115967
2020-04-21,52.91999816894531,6.711434841156006
2020-04-22,55.91999816894531,7.1258111000061035
2020-04-23,55.900001525878906,7.072519779205322
2020-04-24,56.18000030517578,7.211475372314453
2020-04-27,56.4900016784668,7.397993564605713
2020-04-28,55.5099983215332,7.255551338195801
2020-04-29,53.65999984741211,7.432358741760254
2020-04-30,52.38999938964844,7.2784624099731445
2020-05-01,49.880001068115234,7.041889190673828
2020-05-04,52.560001373291016,7.253809452056885
2020-05-05,52.189998626708984,7.314820289611816
2020-05-06,52.15999984741211,7.415674209594727
2020-05-07,51.95000076293945,7.591982841491699
2020-05-08,53.189998626708984,7.781989097595215
2020-05-11,55.7400016784668,8.0339994430542
2020-05-12,53.7599983215332,7.772027015686035
2020-05-13,52.18000030517578,7.749614238739014
2020-05-14,54.5099983215332,7.999136447906494
2020-05-15,54.20000076293945,8.45759105682373
2020-05-18,54.59000015258789,8.71607494354248
2020-05-19,55.470001220703125,8.771111488342285
2020-05-20,56.38999938964844,8.934967041015625
2020-05-21,54.650001525878906,8.740979194641113
2020-05-22,55.16999816894531,8.990997314453125
2020-05-26,53.189998626708984,8.683703422546387
2020-05-27,52.7400016784668,8.49195671081543
2020-05-28,51.7400016784668,8.45385456085205
2020-05-29,53.79999923706055,8.840836524963379
2020-06-01,53.630001068115234,8.771857261657715
2020-06-02,53.540000915527344,8.79078197479248
2020-06-03,52.72999954223633,8.735250473022461
2020-06-04,52.630001068115234,8.736248970031738
2020-06-05,53.099998474121094,8.8892183303833
2020-06-08,52.970001220703125,8.774616241455078
2020-06-09,56.38999938964844,9.014782905578613
2020-06-10,57.439998626708984,9.334426879882812
2020-06-11,52.83000183105469,8.765894889831543
2020-06-12,53.5,8.901676177978516
2020-06-15,54.68000030517578,9.142090797424316
2020-06-16,54.459999084472656,9.037203788757324
2020-06-17,54.54999923706055,9.20412826538086
2020-06-18,54.040000915527344,9.186189651489258
2020-06-19,54.22999954223633,9.229290962219238
2020-06-22,54.7599983215332,9.493873596191406
2020-06-23,53.9900016784668,9.417387962341309
2020-06-24,52.38999938964844,9.203628540039062
2020-06-25,51.93000030517578,9.457249641418457
2020-06-26,50.099998474121094,9.123407363891602
2020-06-29,50.279998779296875,9.168251991271973
2020-06-30,52.61000061035156,9.464974403381348
2020-07-01,52.58000183105469,9.497112274169922
2020-07-02,52.34000015258789,9.57907772064209
2020-07-06,53.400001525878906,9.80529499053955
2020-07-07,52.93000030517578,9.83768367767334
2020-07-08,53.43000030517578,10.180745124816895
2020-07-09,57.2599983215332,10.472736358642578
2020-07-10,55.880001068115234,10.443087577819824
2020-07-13,53.59000015258789,10.017562866210938
2020-07-14,54.720001220703125,10.34118938446045
2020-07-15,55.34000015258789,10.191956520080566
2020-07-16,54.91999816894531,10.099775314331055
2020-07-17,55.040000915527344,10.16629695892334
2020-07-20,57.459999084472656,10.474477767944336
2020-07-21,57.0,10.292853355407715
2020-07-22,61.790000915527344,10.402726173400879
2020-07-23,59.56999969482422,10.094792366027832
2020-07-24,69.4000015258789,10.159319877624512
2020-07-27,68.97000122070312,10.38553524017334
2020-07-28,67.61000061035156,10.180248260498047
2020-07-29,76.08999633789062,10.42938232421875
2020-07-30,78.19999694824219,10.577373504638672
2020-07-31,77.43000030517578,10.578120231628418
2020-08-03,77.66999816894531,10.972254753112793
2020-08-04,85.04000091552734,11.189002990722656
2020-08-05,85.30999755859375,11.24779987335205
2020-08-06,86.70999908447266,11.296380043029785
2020-08-07,84.8499984741211,11.16085147857666
2020-08-10,82.23999786376953,11.126471519470215
2020-08-11,76.87999725341797,10.8125581741333
2020-08-12,82.61000061035156,11.400772094726562
2020-08-13,81.83999633789062,11.403512001037598
2020-08-14,81.30000305175781,11.524093627929688
2020-08-17,82.41999816894531,12.294426918029785
2020-08-18,81.66000366210938,12.218438148498535
2020-08-19,81.08999633789062,12.096610069274902
2020-08-20,82.7699966430664,12.099102020263672
2020-08-21,83.80999755859375,12.639730453491211
2020-08-24,83.08000183105469,12.676353454589844
2020-08-25,86.3499984741211,12.706000328063965
2020-08-26,86.0199966430664,12.72891902923584
2020-08-27,83.80000305175781,12.584670066833496
2020-08-28,85.55000305175781,13.102376937866211
2020-08-31,90.81999969482422,13.328344345092773
2020-09-01,92.18000030517578,13.777425765991211
2020-09-02,90.22000122070312,14.301271438598633
2020-09-03,82.54000091552734,12.974465370178223
2020-09-04,82.01000213623047,12.582703590393066
2020-09-08,78.69000244140625,11.87544059753418
2020-09-09,81.91000366210938,12.674912452697754
2020-09-10,78.9800033569336,12.272934913635254
2020-09-11,76.33999633789062,12.12614917755127
2020-09-14,77.9000015258789,12.831666946411133
2020-09-15,78.93000030517578,12.950042724609375
2020-09-16,76.66000366210938,12.475044250488281
2020-09-17,76.55000305175781,12.424205780029297
2020-09-18,74.93000030517578,12.1508207321167
2020-09-21,77.94000244140625,12.477785110473633
2020-09-22,77.69999694824219,12.597908020019531
2020-09-23,74.7300033569336,12.085525512695312
2020-09-24,75.81999969482422,12.309069633483887
2020-09-25,78.05999755859375,12.833159446716309
2020-09-28,79.4800033569336,12.993905067443848
2020-09-29,81.7699966430664,13.184052467346191
2020-09-30,81.98999786376953,13.487842559814453
2020-10-01,84.86000061035156,13.571578025817871
2020-10-02,81.80000305175781,13.02106761932373
2020-10-05,86.1500015258789,13.5994873046875
2020-10-06,84.4800033569336,13.69318962097168
2020-10-07,86.69000244140625,13.919977188110352
2020-10-08,86.51000213623047,13.79511833190918
2020-10-09,83.0999984741211,13.719359397888184
2020-10-12,84.29000091552734,14.181148529052734
2020-10-13,85.27999877929688,14.203328132629395
2020-10-14,84.20999908447266,14.050810813903809
2020-10-15,83.12999725341797,13.925955772399902
2020-10-16,83.16999816894531,13.767956733703613
2020-10-19,82.0,13.455195426940918
2020-10-20,81.55999755859375,13.60247802734375
2020-10-21,79.19999694824219,13.482109069824219
2020-10-22,79.41999816894531,13.318873405456543
2020-10-23,81.95999908447266,13.547403335571289
2020-10-26,82.2300033569336,13.099817276000977
2020-10-27,78.87999725341797,13.354515075683594
2020-10-28,76.4000015258789,12.587190628051758
2020-10-29,78.0199966430664,12.982937812805176
2020-10-30,75.29000091552734,12.494483947753906
2020-11-02,74.69999694824219,12.541085243225098
2020-11-03,76.58000183105469,12.978453636169434
2020-11-04,81.3499984741211,13.750760078430176
2020-11-05,83.0,14.1153564453125
2020-11-06,85.87999725341797,14.51608943939209
2020-11-09,83.12000274658203,13.587777137756348
2020-11-10,77.98999786376953,12.729738235473633
2020-11-11,81.27999877929688,13.37569808959961
2020-11-12,81.83999633789062,13.414322853088379
2020-11-13,81.43000030517578,13.25507640838623
2020-11-16,83.7300033569336,13.472638130187988
2020-11-17,83.36000061035156,13.379931449890137
2020-11-18,82.54000091552734,13.38641357421875
2020-11-19,85.54000091552734,13.397875785827637
2020-11-20,84.63999938964844,13.046490669250488
2020-11-23,85.30999755859375,13.098572731018066
2020-11-24,85.06999969482422,12.91689682006836
2020-11-25,86.70999908447266,13.193020820617676
2020-11-27,87.19000244140625,13.219438552856445
2020-11-30,92.66000366210938,13.359247207641602
2020-12-01,92.62999725341797,13.347784042358398
2020-12-02,93.73999786376953,13.501799583435059
2020-12-03,92.30999755859375,13.357710838317871
2020-12-04,94.04000091552734,13.51949691772461
2020-12-07,94.06999969482422,13.567856788635254
2020-12-08,92.91999816894531,13.311844825744629
2020-12-09,89.83000183105469,12.89378833770752
2020-12-10,91.66000366210938,12.935171127319336
2020-12-11,91.6500015258789,12.976055145263672
2020-12-14,94.77999877929688,13.270711898803711
2020-12-15,97.12000274658203,13.322311401367188
2020-12-16,96.8499984741211,13.204649925231934
2020-12-17,96.83999633789062,13.303117752075195
2020-12-18,95.91999816894531,13.234065055847168
2020-12-21,93.2300033569336,13.294142723083496
2020-12-22,93.16000366210938,13.240296363830566
2020-12-23,91.55000305175781,12.972065925598145
2020-12-24,91.80999755859375,12.956608772277832
2020-12-28,91.5999984741211,12.86312484741211
2020-12-29,90.62000274658203,12.906254768371582
2020-12-30,92.29000091552734,13.108177185058594
2020-12-31,91.70999908447266,13.017684936523438
2021-01-04,92.30000305175781,13.076018333435059
2021-01-05,92.7699966430664,13.366437911987305
2021-01-06,90.33000183105469,12.57844352722168
2021-01-07,95.16000366210938,13.30585765838623
2021-01-08,94.58000183105469,13.238801002502441
2021-01-11,97.25,13.58256721496582
2021-01-12,95.36000061035156,13.446205139160156
2021-01-13,91.77999877929688,13.493070602416992
2021-01-14,90.79000091552734,13.162520408630371
2021-01-15,88.20999908447266,12.822744369506836
2021-01-19,89.44999694824219,12.988020896911621
2021-01-20,88.75,13.327545166015625
2021-01-21,91.52999877929688,13.827861785888672
2021-01-22,92.79000091552734,13.673303604125977
2021-01-25,94.12999725341797,13.614226341247559
2021-01-26,94.70999908447266,13.396848678588867
2021-01-27,88.83999633789062,12.880826950073242
2021-01-28,87.5199966430664,13.013697624206543
2021-01-29,85.63999938964844,12.952619552612305
2021-02-01,87.66000366210938,13.199166297912598
2021-02-02,88.86000061035156,13.518000602722168
2021-02-03,87.88999938964844,13.491827964782715
2021-02-04,87.83999633789062,13.625191688537598
2021-02-05,87.9000015258789,13.552153587341309
2021-02-08,91.47000122070312,14.397480964660645
2021-02-09,90.91000366210938,14.222482681274414
2021-02-10,92.3499984741211,14.722049713134766
2021-02-11,92.66000366210938,15.207160949707031
2021-02-12,93.7699966430664,14.918486595153809
2021-02-16,91.45999908447266,15.286430358886719
2021-02-17,89.94000244140625,14.863393783569336
2021-02-18,88.63999938964844,14.786614418029785
2021-02-19,89.58000183105469,14.883834838867188
2021-02-22,85.37000274658203,14.314719200134277
2021-02-23,84.73999786376953,14.101578712463379
2021-02-24,86.94000244140625,14.457557678222656
2021-02-25,82.41999816894531,13.269461631774902
2021-02-26,84.51000213623047,13.675299644470215
2021-03-01,86.38999938964844,13.8021879196167
2021-03-02,84.12999725341797,13.36793327331543
2021-03-03,80.86000061035156,12.768149375915527
2021-03-04,77.75,12.334893226623535
2021-03-05,78.5199966430664,12.425881385803223
2021-03-08,73.95999908447266,11.560113906860352
2021-03-09,78.52999877929688,12.48877239227295
2021-03-10,77.5199966430664,12.436903953552246
2021-03-11,81.2300033569336,12.960834503173828
2021-03-12,81.05000305175781,12.823678016662598
2021-03-15,82.5,13.158084869384766
2021-03-16,82.75,13.257834434509277
2021-03-17,82.62999725341797,13.307709693908691
2021-03-18,78.12000274658203,12.690515518188477
2021-03-19,79.05999755859375,12.81345272064209
2021-03-22,80.30000305175781,13.153099060058594
2021-03-23,78.37999725341797,13.037888526916504
2021-03-24,76.4800033569336,12.611213684082031
2021-03-25,76.22000122070312,12.503732681274414
2021-03-26,77.41000366210938,12.806970596313477
2021-03-29,77.13999938964844,12.915696144104004
2021-03-30,76.0,12.839390754699707
2021-03-31,78.5,13.314691543579102
2021-04-01,81.08999633789062,13.777024269104004
2021-04-05,81.43000030517578,13.9523344039917
2021-04-06,81.44000244140625,13.826650619506836
2021-04-07,82.19999694824219,14.107942581176758
2021-04-08,83.3499984741211,14.281006813049316
2021-04-09,82.76000213623047,14.36379623413086
2021-04-12,78.58000183105469,15.170762062072754
2021-04-13,80.19000244140625,15.640081405639648
2021-04-14,78.55000305175781,15.238593101501465
2021-04-15,83.01000213623047,16.096683502197266
2021-04-16,82.1500015258789,15.8724946975708
2021-04-19,81.11000061035156,15.323127746582031
2021-04-20,79.2699966430664,15.13310718536377
2021-04-21,81.61000061035156,15.321882247924805
2021-04-22,79.05999755859375,14.812915802001953
2021-04-23,82.76000213623047,15.2268705368042
2021-04-26,85.41000366210938,15.439087867736816
2021-04-27,85.20999908447266,15.343079566955566
2021-04-28,84.0199966430664,15.23834228515625
2021-04-29,83.91000366210938,15.286221504211426
2021-04-30,81.62000274658203,14.971766471862793
2021-05-03,78.55000305175781,14.799446105957031
2021-05-04,78.61000061035156,14.315169334411621
2021-05-05,77.83000183105469,14.422150611877441
2021-05-06,77.88999938964844,14.48648738861084
2021-05-07,78.80999755859375,14.775012969970703
2021-05-10,75.98999786376953,14.22988510131836
2021-05-11,76.83000183105469,14.270281791687012
2021-05-12,74.63999938964844,13.723909378051758
2021-05-13,73.08999633789062,13.630895614624023
2021-05-14,74.58999633789062,14.20719051361084
2021-05-17,74.6500015258789,14.12988567352295
2021-05-18,74.44000244140625,13.980513572692871
2021-05-19,76.2300033569336,14.030387878417969
2021-05-20,78.05999755859375,14.575761795043945
2021-05-21,77.16999816894531,14.954058647155762
2021-05-24,77.44000244140625,15.572749137878418
2021-05-25,77.86000061035156,15.608407974243164
2021-05-26,78.33999633789062,15.660528182983398
2021-05-27,78.41999816894531,15.449060440063477
2021-05-28,80.08000183105469,16.203664779663086
2021-06-01,80.80999755859375,16.223609924316406
2021-06-02,81.97000122070312,16.73607063293457
2021-06-03,80.27999877929688,16.92708969116211
2021-06-04,81.58000183105469,17.534055709838867
2021-06-07,81.3499984741211,17.574703216552734
2021-06-08,80.88999938964844,17.413110733032227
2021-06-09,79.95999908447266,17.31857681274414
2021-06-10,81.55999755859375,17.38517189025879
2021-06-11,81.30999755859375,17.784509658813477
2021-06-14,81.55000305175781,17.977569580078125
2021-06-15,80.47000122070312,17.747846603393555
2021-06-16,80.11000061035156,17.76954460144043
2021-06-17,84.55999755859375,18.614608764648438
2021-06-18,84.6500015258789,18.596149444580078
2021-06-21,82.58999633789062,18.3851318359375
2021-06-22,83.58000183105469,18.843584060668945
2021-06-23,83.81999969482422,19.013694763183594
2021-06-24,86.0999984741211,19.16160774230957
2021-06-25,85.62000274658203,18.987504959106445
2021-06-28,87.08000183105469,19.93932342529297
2021-06-29,89.5199966430664,19.98097801208496
2021-06-30,93.93000030517578,19.9567813873291
2021-07-01,93.30999755859375,20.16580581665039
2021-07-02,94.69999694824219,20.44017791748047
2021-07-06,94.47000122070312,20.651187896728516
2021-07-07,90.54000091552734,20.3251895904541
2021-07-08,89.73999786376953,19.85726547241211
2021-07-09,90.9000015258789,20.004426956176758
2021-07-12,90.80999755859375,20.46561622619629
2021-07-13,90.26000213623047,20.203725814819336
2021-07-14,89.05000305175781,19.79615020751953
2021-07-15,86.93000030517578,18.922901153564453
2021-07-16,85.88999938964844,18.11949348449707
2021-07-19,86.58000183105469,18.73682975769043
2021-07-20,87.11000061035156,18.5694637298584
2021-07-21,89.41000366210938,19.365636825561523
2021-07-22,91.20999908447266,19.549219131469727
2021-07-23,92.1500015258789,19.5132999420166
2021-07-26,91.81999969482422,19.249906539916992
2021-07-27,91.02999877929688,19.164098739624023
2021-07-28,97.93000030517578,19.45842742919922
2021-07-29,102.94999694824219,19.617063522338867
2021-07-30,106.19000244140625,19.454437255859375
2021-08-02,108.62999725341797,19.70486068725586
2021-08-03,112.55999755859375,19.76970863342285
2021-08-04,118.7699966430664,20.227659225463867
2021-08-05,112.3499984741211,20.589832305908203
2021-08-06,110.11000061035156,20.3194522857666
2021-08-09,107.58000183105469,20.248620986938477
2021-08-10,106.4800033569336,19.89044189453125
2021-08-11,107.68000030517578,19.653974533081055
2021-08-12,106.5,19.85950469970703
2021-08-13,110.55000305175781,20.141860961914062
2021-08-16,107.4800033569336,19.90440559387207
2021-08-17,107.55999755859375,19.413530349731445
2021-08-18,103.44000244140625,18.996482849121094
2021-08-19,103.69999694824219,19.75275230407715
2021-08-20,104.6500015258789,20.768421173095703
2021-08-23,108.7699966430664,21.90781593322754
2021-08-24,107.6500015258789,21.74319076538086
2021-08-25,108.30000305175781,22.162235260009766
2021-08-26,107.2699966430664,22.01756477355957
2021-08-27,111.4000015258789,22.584266662597656
2021-08-30,111.31999969482422,22.63614845275879
2021-08-31,110.72000122070312,22.33778190612793
2021-09-01,109.98999786376953,22.393659591674805
2021-09-02,109.19999694824219,22.348751068115234
2021-09-03,109.91999816894531,22.79481315612793
2021-09-07,109.1500015258789,22.61419105529785
2021-09-08,106.16999816894531,22.291873931884766
2021-09-09,106.1500015258789,22.130218505859375
2021-09-10,105.19999694824219,22.430583953857422
2021-09-13,104.80000305175781,22.10526466369629
2021-09-14,105.7300033569336,22.195079803466797
2021-09-15,105.5999984741211,22.293869018554688
2021-09-16,106.22000122070312,22.195079803466797
2021-09-17,103.87999725341797,21.853801727294922
2021-09-20,101.55000305175781,21.068464279174805
2021-09-21,102.81999969482422,21.20117950439453
2021-09-22,104.37999725341797,21.894716262817383
2021-09-23,106.1500015258789,22.434574127197266
2021-09-24,105.80000305175781,22.03441619873047
2021-09-27,108.16000366210938,21.614309310913086
2021-09-28,101.5199966430664,20.655332565307617
2021-09-29,100.3499984741211,20.473722457885742
2021-09-30,102.9000015258789,20.67229652404785
2021-10-01,102.44999694824219,20.698244094848633
2021-10-04,100.33999633789062,19.690378189086914
2021-10-05,101.80999755859375,20.40786361694336
2021-10-06,103.63999938964844,20.656330108642578
2021-10-07,106.44999694824219,21.030542373657227
2021-10-08,105.05999755859375,20.78705406188965
2021-10-11,104.68000030517578,20.651338577270508
2021-10-12,105.04000091552734,20.627391815185547
2021-10-13,109.16000366210938,20.894826889038086
2021-10-14,111.98999786376953,21.700122833251953
2021-10-15,112.12000274658203,21.815881729125977
2021-10-18,116.43000030517578,22.17512321472168
2021-10-19,116.33000183105469,22.242977142333984
2021-10-20,116.38999938964844,22.05637550354004
2021-10-21,119.33000183105469,22.64413070678711
2021-10-22,119.81999969482422,22.678062438964844
2021-10-25,122.36000061035156,23.11713218688965
2021-10-26,122.93000030517578,24.664852142333984
2021-10-27,122.27999877929688,24.3994197845459
2021-10-28,121.16000366210938,24.88838768005371
2021-10-29,120.2300033569336,25.5130615234375
2021-11-01,125.2300033569336,25.772518157958984
2021-11-02,127.62999725341797,26.345306396484375
2021-11-03,130.52999877929688,26.541889190673828
2021-11-04,137.5,29.738136291503906
2021-11-05,136.33999633789062,29.68923568725586
2021-11-08,150.16000366210938,30.739015579223633
2021-11-09,148.9199981689453,30.592329025268555
2021-11-10,139.8699951171875,29.396852493286133
2021-11-11,146.00999450683594,30.32588768005371
2021-11-12,147.88999938964844,30.32588768005371
2021-11-15,146.49000549316406,29.961660385131836
2021-11-16,152.4499969482422,30.139284133911133
2021-11-17,151.33999633789062,29.19927406311035
2021-11-18,155.02000427246094,31.608182907104492
2021-11-19,155.41000366210938,32.91542053222656
2021-11-22,152.52000427246094,31.888586044311523
2021-11-23,149.9199981689453,31.679031372070312
2021-11-24,157.8000030517578,32.605072021484375
2021-11-26,154.80999755859375,31.436542510986328
2021-11-29,161.91000366210938,33.30559539794922
2021-11-30,158.3699951171875,32.6070671081543
2021-12-01,149.11000061035156,31.372526168823242
2021-12-02,150.67999267578125,32.062156677246094
2021-12-03,144.00999450683594,30.632001876831055
2021-12-06,139.05999755859375,29.977306365966797
2021-12-07,144.85000610351562,32.36255645751953
2021-12-08,145.24000549316406,31.762744903564453
2021-12-09,138.10000610351562,30.42940330505371
2021-12-10,138.5500030517578,30.137983322143555
2021-12-13,133.8000030517578,28.105031967163086
2021-12-14,135.60000610351562,28.280681610107422
2021-12-15,146.5,30.398468017578125
2021-12-16,138.63999938964844,28.330577850341797
2021-12-17,137.75,27.745750427246094
2021-12-20,135.8000030517578,27.663911819458008
2021-12-21,144.25,29.0172176361084
2021-12-22,143.8800048828125,29.341575622558594
2021-12-23,146.13999938964844,29.581090927124023
2021-12-27,154.36000061035156,30.883502960205078
2021-12-28,153.14999389648438,30.261735916137695
2021-12-29,148.25999450683594,29.94137954711914
2021-12-30,145.14999389648438,29.527204513549805
2021-12-31,143.89999389648438,29.3525447845459
2022-01-03,150.24000549316406,30.061134338378906
2022-01-04,144.4199981689453,29.231788635253906
2022-01-05,136.14999389648438,27.549142837524414
2022-01-06,136.22999572753906,28.12200355529785
2022-01-07,132.0,27.19285011291504
2022-01-10,132.0,27.34554672241211
2022-01-11,137.30999755859375,27.761716842651367
2022-01-12,137.47000122070312,27.9433536529541
2022-01-13,132.74000549316406,26.52218246459961
2022-01-14,136.8800048828125,26.888458251953125
2022-01-18,131.92999267578125,25.85152244567871
2022-01-19,128.27000427246094,25.017181396484375
2022-01-20,121.88999938964844,24.102005004882812
2022-01-21,118.80999755859375,23.32754898071289
2022-01-24,116.52999877929688,23.32554817199707
2022-01-25,111.12999725341797,22.27962875366211
2022-01-26,110.70999908447266,22.726743698120117
2022-01-27,102.5999984741211,21.900388717651367
2022-01-28,105.23999786376953,22.79460906982422
2022-01-31,114.25,24.437339782714844
2022-02-01,116.77999877929688,24.589038848876953
2022-02-02,122.76000213623047,25.191835403442383
2022-02-03,120.08000183105469,23.900407791137695
2022-02-04,123.5999984741211,24.270666122436523
2022-02-07,123.66999816894531,24.678857803344727
2022-02-08,128.22999572753906,25.0580997467041
2022-02-09,132.85000610351562,26.651927947998047
2022-02-10,125.7699966430664,25.77267837524414
2022-02-11,113.18000030517578,23.901403427124023
2022-02-14,114.2699966430664,24.218774795532227
2022-02-15,121.47000122070312,26.442346572875977
2022-02-16,117.69000244140625,26.458311080932617
2022-02-17,112.37000274658203,24.458297729492188
2022-02-18,113.83000183105469,23.595012664794922
2022-02-22,115.6500015258789,23.34351348876953
2022-02-23,109.76000213623047,22.342500686645508
2022-02-24,116.61000061035156,23.7008056640625
2022-02-25,121.05999755859375,24.108991622924805
2022-02-28,123.33999633789062,24.33654022216797
2022-03-01,113.83000183105469,23.430341720581055
2022-03-02,118.27999877929688,24.175983428955078
2022-03-03,111.9800033569336,23.670902252197266
2022-03-04,108.41000366210938,22.894315719604492
2022-03-07,102.94999694824219,21.313196182250977
2022-03-08,105.52999877929688,21.474903106689453
2022-03-09,111.05000305175781,22.972177505493164
2022-03-10,106.45999908447266,22.6168212890625
2022-03-11,104.29000091552734,22.05984115600586
2022-03-14,102.25,21.291236877441406
2022-03-15,109.33000183105469,22.93124771118164
2022-03-16,115.37000274658203,24.451480865478516
2022-03-17,111.69000244140625,24.72099494934082
2022-03-18,113.45999908447266,26.404926300048828
2022-03-21,115.91999816894531,26.685413360595703
2022-03-22,114.77999877929688,26.47579574584961
2022-03-23,113.91999816894531,25.587413787841797
2022-03-24,120.52999877929688,28.098840713500977
2022-03-25,119.66999816894531,27.64167594909668
2022-03-28,120.23999786376953,28.167713165283203
2022-03-29,123.2300033569336,28.603923797607422
2022-03-30,119.22000122070312,27.639680862426758
2022-03-31,109.33999633789062,27.236412048339844
2022-04-01,108.19000244140625,26.663455963134766
2022-04-04,110.52999877929688,27.310279846191406
2022-04-05,106.81999969482422,25.88387680053711
2022-04-06,103.66999816894531,24.362640380859375
2022-04-07,103.72000122070312,24.164005279541016
2022-04-08,101.0,23.076990127563477
2022-04-11,97.37000274658203,21.87717056274414
2022-04-12,95.0999984741211,21.464916229248047
2022-04-13,97.73999786376953,22.162649154663086
2022-04-14,93.05999755859375,21.2193660736084
2022-04-18,93.88999938964844,21.743412017822266
2022-04-19,96.93000030517578,22.15765953063965
2022-04-20,94.0199966430664,21.44295883178711
2022-04-21,89.8499984741211,20.146318435668945
2022-04-22,88.13999938964844,19.479536056518555
2022-04-25,90.69000244140625,19.86583137512207
2022-04-26,85.16000366210938,18.753854751586914
2022-04-27,84.91000366210938,18.381534576416016
2022-04-28,89.63999938964844,19.746049880981445
2022-04-29,85.5199966430664,18.513296127319336
2022-05-02,89.83999633789062,19.497501373291016
2022-05-03,91.12999725341797,19.566375732421875
2022-05-04,99.41999816894531,20.297048568725586
2022-05-05,93.87000274658203,18.809757232666016
2022-05-06,95.33999633789062,18.64105987548828
2022-05-09,86.36000061035156,16.91919708251953
2022-05-10,88.7300033569336,17.563024520874023
2022-05-11,87.91999816894531,16.599777221679688
2022-05-12,87.05999755859375,16.14560317993164
2022-05-13,95.12000274658203,17.6738224029541
2022-05-16,94.23999786376953,17.232627868652344
2022-05-17,102.47000122070312,18.143966674804688
2022-05-18,96.27999877929688,16.90721893310547
2022-05-19,96.66999816894531,17.09288215637207
2022-05-20,93.5,16.66366195678711
2022-05-23,95.06999969482422,16.867290496826172
2022-05-24,91.16000366210938,16.124643325805664
2022-05-25,92.6500015258789,16.94415283203125
2022-05-26,98.75,17.818559646606445
2022-05-27,102.26000213623047,18.776813507080078
2022-05-31,101.86000061035156,18.6380672454834
2022-06-01,101.22000122070312,18.28670883178711
2022-06-02,108.58999633789062,19.556398391723633
2022-06-03,106.30000305175781,18.685976028442383
2022-06-06,105.6500015258789,18.751859664916992
2022-06-07,105.27999877929688,18.891603469848633
2022-06-08,101.9000015258789,18.618043899536133
2022-06-09,98.80000305175781,18.01900863647461
2022-06-10,94.81999969482422,16.94673728942871
2022-06-13,86.98999786376953,15.621865272521973
2022-06-14,86.98999786376953,15.810563087463379
2022-06-15,89.30000305175781,16.500452041625977
2022-06-16,82.05000305175781,15.575940132141113
2022-06-17,81.56999969482422,15.8544921875
2022-06-21,83.79000091552734,16.539390563964844
2022-06-22,83.75,16.333717346191406
2022-06-23,82.43000030517578,16.198936462402344
2022-06-24,87.08000183105469,17.098487854003906
2022-06-27,86.16000366210938,16.84190559387207
2022-06-28,80.77999877929688,15.956329345703125
2022-06-29,77.98999786376953,15.517037391662598
2022-06-30,76.47000122070312,15.134651184082031
2022-07-01,73.66999816894531,14.49967098236084
2022-07-05,75.19999694824219,14.939964294433594
2022-07-06,75.3499984741211,15.105696678161621
2022-07-07,79.30000305175781,15.832526206970215
2022-07-08,79.3499984741211,15.812559127807617
2022-07-11,76.94999694824219,15.127660751342773
2022-07-12,76.36000061035156,15.057774543762207
2022-07-13,77.5199966430664,15.139641761779785
2022-07-14,78.5999984741211,15.347307205200195
2022-07-15,81.11000061035156,15.736681938171387
2022-07-18,81.43000030517578,16.075136184692383
2022-07-19,85.87999725341797,16.964706420898438
2022-07-20,89.43000030517578,17.77839469909668
2022-07-21,91.08999633789062,18.021005630493164
2022-07-22,88.0999984741211,17.291179656982422
2022-07-25,87.54000091552734,16.996654510498047
2022-07-26,85.25,16.506446838378906
2022-07-27,89.81999969482422,17.76142120361328
2022-07-28,91.66999816894531,17.95511245727539
2022-07-29,94.47000122070312,18.13382339477539
2022-08-01,96.77999877929688,18.411376953125
2022-08-02,99.29000091552734,18.496240615844727
2022-08-03,98.08999633789062,18.862651824951172
2022-08-04,103.91000366210938,19.184133529663086
2022-08-05,102.30999755859375,18.9585018157959
2022-08-08,100.06999969482422,17.764419555664062
2022-08-09,95.54000091552734,17.058557510375977
2022-08-10,99.05000305175781,18.067930221557617
2022-08-11,98.12000274658203,17.913175582885742
2022-08-12,100.83000183105469,18.6789493560791
2022-08-15,101.01000213623047,19.001428604125977
2022-08-16,100.19999694824219,18.848670959472656
2022-08-17,98.2699966430664,18.305543899536133
2022-08-18,100.44000244140625,18.742847442626953
2022-08-19,95.94999694824219,17.82033348083496
2022-08-22,92.83999633789062,17.006637573242188
2022-08-23,92.48999786376953,17.15340232849121
2022-08-24,92.7300033569336,17.194337844848633
2022-08-25,97.18000030517578,17.884227752685547
2022-08-26,91.18000030517578,16.2338809967041
2022-08-29,88.48999786376953,15.775617599487305
2022-08-30,86.94000244140625,15.443154335021973
2022-08-31,84.87000274658203,15.06975269317627
2022-09-01,82.33000183105469,13.914613723754883
2022-09-02,80.23999786376953,13.625078201293945
2022-09-06,78.72000122070312,13.443370819091797
2022-09-07,79.61000061035156,13.696038246154785
2022-09-08,82.77999877929688,13.9716796875
2022-09-09,85.44999694824219,14.368157386779785
2022-09-12,84.63999938964844,14.486001968383789
2022-09-13,77.02999877929688,13.113801956176758
2022-09-14,77.44999694824219,13.110806465148926
2022-09-15,76.66000366210938,12.912070274353027
2022-09-16,76.51000213623047,13.180715560913086
2022-09-19,76.7699966430664,13.36447525024414
2022-09-20,75.25,13.158744812011719
2022-09-21,74.4800033569336,13.243635177612305
2022-09-22,69.5,12.544548988342285
2022-09-23,67.95999908447266,12.49960708618164
2022-09-26,66.30000305175781,12.211986541748047
2022-09-27,67.16999816894531,12.396743774414062
2022-09-28,68.36000061035156,12.719319343566895
2022-09-29,64.13999938964844,12.203995704650879
2022-09-30,63.36000061035156,12.123101234436035
2022-10-03,66.11000061035156,12.495613098144531
2022-10-04,67.9000015258789,13.14975357055664
2022-10-05,67.94000244140625,13.191702842712402
2022-10-06,67.8499984741211,13.112805366516113
2022-10-07,58.439998626708984,12.060186386108398
2022-10-10,57.810001373291016,11.654715538024902
2022-10-11,57.630001068115234,11.570826530456543
2022-10-12,57.849998474121094,11.484940528869629
2022-10-13,58.939998626708984,11.944334983825684
2022-10-14,55.939998626708984,11.212295532226562
2022-10-17,57.959999084472656,11.872430801391602
2022-10-18,57.91999816894531,11.951327323913574
2022-10-19,57.22999954223633,12.035216331481934
2022-10-20,57.77000045776367,12.178031921386719
2022-10-21,58.81999969482422,12.44967269897461
2022-10-24,58.70000076293945,12.582500457763672
2022-10-25,61.470001220703125,13.243635177612305
2022-10-26,59.72999954223633,12.879111289978027
2022-10-27,58.599998474121094,13.158744812011719
2022-10-28,62.0099983215332,13.815882682800293
2022-10-31,60.060001373291016,13.479324340820312
2022-11-01,59.65999984741211,13.525262832641602
2022-11-02,58.630001068115234,13.201688766479492
2022-11-03,60.11000061035156,13.403423309326172
2022-11-04,62.189998626708984,14.137458801269531
2022-11-07,63.08000183105469,14.282271385192871
2022-11-08,63.849998474121094,14.582877159118652
2022-11-09,59.91999816894531,13.75795841217041
2022-11-10,68.47000122070312,15.729373931884766
2022-11-11,72.37000274658203,16.305620193481445
2022-11-14,73.52999877929688,16.273662567138672
2022-11-15,76.37000274658203,16.6441707611084
2022-11-16,72.69999694824219,15.889163970947266
2022-11-17,73.9000015258789,15.656469345092773
2022-11-18,73.56999969482422,15.38881778717041
2022-11-21,72.45999908447266,15.296939849853516
2022-11-22,75.25,16.016996383666992
2022-11-23,76.4000015258789,16.497364044189453
2022-11-25,75.13999938964844,16.248693466186523
2022-11-28,73.19000244140625,15.806270599365234
2022-11-29,73.38999938964844,15.618518829345703
2022-11-30,77.62999725341797,16.905160903930664
2022-12-01,77.4800033569336,17.11693572998047
2022-12-02,74.9800033569336,16.858211517333984
2022-12-05,73.62000274658203,16.592491149902344
2022-12-06,70.2699966430664,15.970147132873535
2022-12-07,70.13999938964844,16.103010177612305
2022-12-08,70.47000122070312,17.15090560913086
2022-12-09,68.58999633789062,16.983078002929688
2022-12-12,70.66999816894531,17.516515731811523
2022-12-13,71.6500015258789,18.052947998046875
2022-12-14,68.93000030517578,17.65536880493164
2022-12-15,66.52999877929688,16.934127807617188
2022-12-16,65.41000366210938,16.553531646728516
2022-12-19,64.58999633789062,16.236867904663086
2022-12-20,65.05000305175781,16.068044662475586
2022-12-21,67.68000030517578,16.483604431152344
2022-12-22,63.86000061035156,15.322829246520996
2022-12-23,64.5199966430664,15.189971923828125
2022-12-27,63.27000045776367,14.10611343383789
2022-12-28,62.56999969482422,14.021203994750977
2022-12-29,64.81999969482422,14.587604522705078
2022-12-30,64.7699966430664,14.59859561920166
2023-01-03,64.0199966430664,14.299907684326172
2023-01-04,64.66000366210938,14.733451843261719
2023-01-05,62.33000183105469,14.249963760375977
2023-01-06,63.959999084472656,14.843335151672363
2023-01-09,67.23999786376953,15.611525535583496
2023-01-10,68.05000305175781,15.892230033874512
2023-01-11,69.05999755859375,15.984130859375
2023-01-12,70.80000305175781,16.493593215942383
2023-01-13,71.0,16.881189346313477
2023-01-17,71.58999633789062,17.683340072631836
2023-01-18,70.52999877929688,17.358684539794922
2023-01-19,67.70999908447266,16.74732780456543
2023-01-20,70.06999969482422,17.820199966430664
2023-01-23,76.52999877929688,19.17276954650879
2023-01-24,74.69999694824219,19.24468994140625
2023-01-25,74.91000366210938,19.302627563476562
2023-01-26,75.16000366210938,19.7811222076416
2023-01-27,75.4000015258789,20.343530654907227
2023-01-30,72.44999694824219,19.141801834106445
2023-01-31,75.1500015258789,19.516407012939453
2023-02-01,84.63999938964844,20.920923233032227
2023-02-02,88.30999755859375,21.686113357543945
2023-02-03,86.08999633789062,21.0777587890625
2023-02-06,83.68000030517578,21.066770553588867
2023-02-07,85.91000366210938,22.149625778198242
2023-02-08,84.69000244140625,22.181589126586914
2023-02-09,83.20999908447266,22.313453674316406
2023-02-10,81.4800033569336,21.242582321166992
2023-02-13,83.12999725341797,21.76503562927246
2023-02-14,85.94999694824219,22.946786880493164
2023-02-15,85.18000030517578,22.74000358581543
2023-02-16,80.08000183105469,21.97880744934082
2023-02-17,78.5,21.365453720092773
2023-02-21,76.7699966430664,20.63322639465332
2023-02-22,76.61000061035156,20.732120513916016
2023-02-23,79.75,23.639057159423828
2023-02-24,78.08999633789062,23.26145362854004
2023-02-27,78.7699966430664,23.476228713989258
2023-02-28,78.58000183105469,23.191526412963867
2023-03-01,78.29000091552734,22.674072265625
2023-03-02,80.44000244140625,23.2894229888916
2023-03-03,81.5199966430664,23.864810943603516
2023-03-06,81.16000366210938,23.5291690826416
2023-03-07,82.11000061035156,23.267404556274414
2023-03-08,85.37000274658203,24.15961265563965
2023-03-09,84.02999877929688,23.415273666381836
2023-03-10,82.66999816894531,22.94468879699707
2023-03-13,82.01000213623047,22.945688247680664
2023-03-14,87.44999694824219,24.041715621948242
2023-03-15,89.68000030517578,24.206571578979492
2023-03-16,96.5999984741211,25.51841163635254
2023-03-17,97.83999633789062,25.702245712280273
2023-03-20,96.80999755859375,25.877090454101562
2023-03-21,95.93000030517578,26.17582893371582
2023-03-22,97.58000183105469,26.44458770751953
2023-03-23,100.27999877929688,27.16695213317871
2023-03-24,97.94999694824219,26.75531578063965
2023-03-27,96.61000061035156,26.507535934448242
2023-03-28,94.55999755859375,26.386642456054688
2023-03-29,96.08999633789062,26.960132598876953
2023-03-30,97.87999725341797,27.358781814575195
2023-03-31,98.01000213623047,27.7524356842041
2023-04-03,96.55999755859375,27.94026756286621
2023-04-04,95.87000274658203,27.42871856689453
2023-04-05,92.55999755859375,26.857227325439453
2023-04-06,92.47000122070312,27.013084411621094
2023-04-10,95.4800033569336,27.55460548400879
2023-04-11,94.02999877929688,27.144968032836914
2023-04-12,92.33000183105469,26.47156524658203
2023-04-13,92.08999633789062,26.439592361450195
2023-04-14,91.75,26.734336853027344
2023-04-17,89.87000274658203,26.97811508178711
2023-04-18,89.77999877929688,27.642532348632812
2023-04-19,89.94000244140625,27.906293869018555
2023-04-20,90.11000061035156,27.080026626586914
2023-04-21,88.43000030517578,27.095012664794922
2023-04-24,87.56999969482422,27.018081665039062
2023-04-25,83.80000305175781,26.217788696289062
2023-04-26,85.94000244140625,26.932153701782227
2023-04-27,87.44000244140625,27.201923370361328
2023-04-28,89.37000274658203,27.724458694458008
2023-05-01,89.69000244140625,28.884428024291992
2023-05-02,89.91000366210938,28.18505096435547
2023-05-03,81.62000274658203,27.77741241455078
2023-05-04,86.61000061035156,27.537622451782227
2023-05-05,89.83999633789062,28.654632568359375
2023-05-08,95.04000091552734,29.12521743774414
2023-05-09,95.05999755859375,28.545732498168945
2023-05-10,97.0199966430664,28.859451293945312
2023-05-11,97.0999984741211,28.552719116210938
2023-05-12,95.26000213623047,28.31493377685547
2023-05-15,97.4000015258789,28.92738914489746
2023-05-16,101.4800033569336,29.187158584594727
2023-05-17,103.75,30.151308059692383
2023-05-18,107.93000030517578,31.649980545043945
2023-05-19,105.81999969482422,31.236347198486328
2023-05-22,108.0,31.14842987060547
2023-05-23,108.12000274658203,30.660860061645508
2023-05-24,108.2699966430664,30.510988235473633
2023-05-25,120.3499984741211,37.94640350341797
2023-05-26,127.02999877929688,38.911556243896484
2023-05-30,125.2699966430664,40.075523376464844
2023-05-31,118.20999908447266,37.80052947998047
2023-06-01,119.47000122070312,39.73482894897461
2023-06-02,117.86000061035156,39.292213439941406
2023-06-05,117.93000030517578,39.136356353759766
2023-06-06,124.2300033569336,38.619815826416016
2023-06-07,117.83000183105469,37.445716857910156
2023-06-08,121.05000305175781,38.47991943359375
2023-06-09,124.91999816894531,38.73971176147461
2023-06-12,129.19000244140625,39.45116424560547
2023-06-13,124.52999877929688,40.98996353149414
2023-06-14,127.33000183105469,42.96341323852539
2023-06-15,124.23999786376953,42.619686126708984
2023-06-16,120.08000183105469,42.65864562988281
2023-06-20,118.93000030517578,43.773780822753906
2023-06-21,112.11000061035156,43.011375427246094
2023-06-22,110.69999694824219,42.991390228271484
2023-06-23,110.01000213623047,42.176029205322266
2023-06-26,107.51000213623047,40.60026550292969
2023-06-27,110.38999938964844,41.84328842163086
2023-06-28,110.16999816894531,41.08488464355469
2023-06-29,111.23999786376953,40.79011154174805
2023-06-30,113.91000366210938,42.26895523071289
2023-07-03,115.81999969482422,42.37986755371094
2023-07-05,113.94999694824219,42.28395080566406
2023-07-06,113.4800033569336,42.07011413574219
2023-07-07,113.16999816894531,42.46979522705078
2023-07-10,113.58000183105469,42.14706039428711
2023-07-11,111.31999969482422,42.371883392333984
2023-07-12,114.58000183105469,43.867706298828125
2023-07-13,115.91999816894531,45.94108963012695
2023-07-14,115.94000244140625,45.4334831237793
2023-07-17,118.31999969482422,46.42470932006836
2023-07-18,117.93000030517578,47.4568977355957
2023-07-19,116.43000030517578,47.04022979736328
2023-07-20,110.25,45.48444366455078
2023-07-21,110.94999694824219,44.274391174316406
2023-07-24,110.61000061035156,44.577152252197266
2023-07-25,113.0,45.6433219909668
2023-07-26,110.08999633789062,45.4164924621582
2023-07-27,111.0999984741211,45.8641471862793
2023-07-28,112.95999908447266,46.7134895324707
2023-07-31,114.4000015258789,46.692501068115234
2023-08-01,117.5999984741211,46.470672607421875
2023-08-02,109.3499984741211,44.23442459106445
2023-08-03,113.1500015258789,44.480228424072266
2023-08-04,115.81999969482422,44.64509582519531
2023-08-07,116.80999755859375,45.381526947021484
2023-08-08,113.2300033569336,44.629112243652344
2023-08-09,110.47000122070312,42.520755767822266
2023-08-10,110.2300033569336,42.35489273071289
2023-08-11,107.56999969482422,40.823089599609375
2023-08-14,111.9800033569336,43.71882247924805
2023-08-15,111.3499984741211,43.90567398071289
2023-08-16,107.19000244140625,43.45203399658203
2023-08-17,104.44000244140625,43.310150146484375
2023-08-18,105.44999694824219,43.26517868041992
2023-08-21,108.22000122070312,46.93031692504883
2023-08-22,105.66000366210938,45.632328033447266
2023-08-23,109.43000030517578,47.07920455932617
2023-08-24,101.80000305175781,47.12615966796875
2023-08-25,102.25,45.9820556640625
2023-08-28,102.61000061035156,46.79841613769531
2023-08-29,105.91999816894531,48.74589920043945
2023-08-30,106.58999633789062,49.22551727294922
2023-08-31,105.72000122070312,49.31645202636719
2023-09-01,109.44999694824219,48.47111129760742
2023-09-05,110.77999877929688,48.51007843017578
2023-09-06,109.27999877929688,47.02811050415039
2023-09-07,106.58999633789062,46.20869064331055
2023-09-08,106.08999633789062,45.5401611328125
2023-09-11,105.31999969482422,45.14643096923828
2023-09-12,105.30999755859375,44.838645935058594
2023-09-13,107.70999908447266,45.453224182128906
2023-09-14,106.62999725341797,45.549156188964844
2023-09-15,101.48999786376953,43.86932373046875
2023-09-18,102.37000274658203,43.93528366088867
2023-09-19,101.61000061035156,43.48958969116211
2023-09-20,100.33999633789062,42.20948791503906
2023-09-21,96.11000061035156,40.98834228515625
2023-09-22,96.19999694824219,41.5809211730957
2023-09-25,97.37999725341797,42.19249725341797
2023-09-26,95.95999908447266,41.88172149658203
2023-09-27,98.06999969482422,42.438323974609375
2023-09-28,102.76000213623047,43.05888748168945
2023-09-29,102.81999969482422,43.468597412109375
2023-10-02,103.2699966430664,44.75070571899414
2023-10-03,100.08000183105469,43.48658752441406
2023-10-04,104.06999969482422,44.01022720336914
2023-10-05,102.91000366210938,44.65677261352539
2023-10-06,107.23999786376953,45.730018615722656
2023-10-09,106.97000122070312,45.24135971069336
2023-10-10,109.01000213623047,45.765995025634766
2023-10-11,108.30999755859375,46.773292541503906
2023-10-12,108.79000091552734,46.91219711303711
2023-10-13,105.08999633789062,45.42922592163086
2023-10-16,106.45999908447266,46.06279373168945
2023-10-17,105.13999938964844,43.90729904174805
2023-10-18,102.16999816894531,42.16651153564453
2023-10-19,102.4000015258789,42.07158279418945
2023-10-20,101.80999755859375,41.35808181762695
2023-10-23,100.01000213623047,42.944969177246094
2023-10-24,101.66999816894531,43.63248825073242
2023-10-25,96.05999755859375,41.74980163574219
2023-10-26,93.66999816894531,40.297821044921875
2023-10-27,96.43000030517578,40.471702575683594
2023-10-30,96.18000030517578,41.13223648071289
2023-10-31,98.5,40.75150680541992
2023-11-01,108.04000091552734,42.295433044433594
2023-11-02,107.83000183105469,43.4755973815918
2023-11-03,112.25,44.973548889160156
2023-11-06,111.75,45.71903991699219
2023-11-07,113.44999694824219,45.92289352416992
2023-11-08,113.58999633789062,46.54145812988281
2023-11-09,113.48999786376953,46.91719436645508
2023-11-10,118.58999633789062,48.30122375488281
2023-11-13,116.79000091552734,48.58601760864258
2023-11-14,119.87999725341797,49.62130355834961
2023-11-15,118.0,48.85383987426758
2023-11-16,119.83000183105469,49.44542694091797
2023-11-17,120.62000274658203,49.26355743408203
2023-11-20,121.52999877929688,50.373775482177734
2023-11-21,119.16000366210938,49.90909957885742
2023-11-22,122.51000213623047,48.68195343017578
2023-11-24,122.30999755859375,47.74261474609375
2023-11-27,122.6500015258789,48.20828628540039
2023-11-28,122.01000213623047,47.78758239746094
2023-11-29,123.8499984741211,48.10636520385742
2023-11-30,121.16000366210938,46.73731994628906
2023-12-01,121.38999938964844,46.73231887817383
2023-12-04,118.56999969482422,45.47819519042969
2023-12-05,118.37999725341797,46.53755569458008
2023-12-06,116.81999969482422,45.47520065307617
2023-12-07,128.3699951171875,46.567535400390625
2023-12-08,128.9199981689453,47.47697830200195
2023-12-11,134.41000366210938,46.59851837158203
2023-12-12,137.61000061035156,47.62788772583008
2023-12-13,138.19000244140625,48.058624267578125
2023-12-14,138.0,48.320465087890625
2023-12-15,139.14999389648438,48.860130310058594
2023-12-18,138.89999389648438,50.046409606933594
2023-12-19,140.14999389648438,49.573692321777344
2023-12-20,135.47000122070312,48.08161544799805
2023-12-21,139.91000366210938,48.9600715637207
2023-12-22,139.60000610351562,48.800174713134766
2023-12-26,143.41000366210938,49.2488899230957
2023-12-27,146.07000732421875,49.38680648803711
2023-12-28,148.75999450683594,49.49174880981445
2023-12-29,147.41000366210938,49.49174880981445
2024-01-02,138.5800018310547,48.138572692871094
2024-01-03,135.32000732421875,47.53994369506836
2024-01-04,136.00999450683594,47.96868133544922
2024-01-05,138.5800018310547,49.06700897216797
2024-01-08,146.17999267578125,52.2210807800293
2024-01-09,149.25999450683594,53.10753631591797
2024-01-10,148.5399932861328,54.316795349121094
2024-01-11,148.02000427246094,54.788509368896484
2024-01-12,146.55999755859375,54.676578521728516
2024-01-16,158.74000549316406,56.34755325317383
2024-01-17,160.1699981689453,56.018760681152344
2024-01-18,162.6699981689453,57.072113037109375
2024-01-19,174.22999572753906,59.45466232299805
2024-01-22,168.17999267578125,59.6175651550293
2024-01-23,168.4199981689453,59.83642578125
2024-01-24,178.2899932861328,61.324520111083984
2024-01-25,180.3300018310547,61.5793571472168
2024-01-26,177.25,60.993717193603516
2024-01-29,177.8300018310547,62.426841735839844
2024-01-30,172.05999755859375,62.73564910888672
2024-01-31,167.69000244140625,61.48941421508789
2024-02-01,170.47999572753906,62.988494873046875
2024-02-02,177.66000366210938,66.11959075927734
2024-02-05,174.22999572753906,69.2896499633789
2024-02-06,167.8800048828125,68.18132019042969
2024-02-07,170.94000244140625,70.05616760253906
2024-02-08,169.35000610351562,69.59844970703125
2024-02-09,172.47999572753906,72.08894348144531
2024-02-12,171.91000366210938,72.20386505126953
2024-02-13,171.5399932861328,72.08393859863281
2024-02-14,178.6999969482422,73.85486602783203
2024-02-15,176.75999450683594,72.61360931396484
2024-02-16,173.8699951171875,72.56863403320312
2024-02-20,165.69000244140625,69.4095687866211
2024-02-21,164.2899932861328,67.4307861328125
2024-02-22,181.86000061035156,78.49002838134766
2024-02-23,176.52000427246094,78.76884460449219
2024-02-26,176.00999450683594,79.04369354248047
2024-02-27,178.0,78.65292358398438
2024-02-28,176.5399932861328,77.61555480957031
2024-02-29,192.52999877929688,79.06367492675781
2024-03-01,202.63999938964844,82.22872924804688
2024-03-04,205.36000061035156,85.18492126464844
2024-03-05,205.1300048828125,85.91551971435547
2024-03-06,210.6300048828125,88.64997100830078
2024-03-07,211.3800048828125,92.6167221069336
2024-03-08,207.38999938964844,87.47863006591797
2024-03-11,198.38999938964844,85.72562408447266
2024-03-12,202.75999450683594,91.86115264892578
2024-03-13,194.7899932861328,90.83673858642578
2024-03-14,187.05999755859375,87.8943862915039
2024-03-15,191.05999755859375,87.78746032714844
2024-03-18,190.64999389648438,88.40512084960938
2024-03-19,181.4199981689453,89.34759521484375
2024-03-20,179.72999572753906,90.32102966308594
2024-03-21,178.67999267578125,91.3834228515625
2024-03-22,179.64999389648438,94.2358169555664
2024-03-25,178.6300048828125,94.94841003417969
2024-03-26,177.8699951171875,92.50879669189453
2024-03-27,179.58999633789062,90.19908905029297
2024-03-28,180.49000549316406,90.30503845214844
2024-04-01,183.33999633789062,90.3120346069336
2024-04-02,178.6999969482422,89.40154266357422
2024-04-03,180.77000427246094,88.91382598876953
2024-04-04,165.8300018310547,85.85653686523438
2024-04-05,170.4199981689453,87.95836639404297
2024-04-08,169.89999389648438,87.08384704589844
2024-04-09,170.77999877929688,85.30584716796875
2024-04-10,167.13999938964844,86.98990631103516
2024-04-11,170.5,90.56488800048828
2024-04-12,163.27999877929688,88.13627624511719
2024-04-15,160.32000732421875,85.95249938964844
2024-04-16,163.4600067138672,87.3656997680664
2024-04-17,154.02000427246094,83.98759460449219
2024-04-18,155.0800018310547,84.62323760986328
2024-04-19,146.63999938964844,76.15702819824219
2024-04-22,148.63999938964844,79.47315979003906
2024-04-23,152.27000427246094,82.37651062011719
2024-04-24,151.74000549316406,79.6320571899414
2024-04-25,153.75999450683594,82.58539581298828
2024-04-26,157.39999389648438,87.6855239868164
2024-04-29,160.1999969482422,87.70751190185547
2024-04-30,158.3800048828125,86.35327911376953
2024-05-01,144.27000427246094,82.9941635131836
2024-05-02,146.16000366210938,85.76859283447266
2024-05-03,150.60000610351562,88.7389144897461
2024-05-06,155.77999877929688,92.08802795410156
2024-05-07,154.42999267578125,90.50292205810547
2024-05-08,153.6199951171875,90.36100769042969
2024-05-09,152.38999938964844,88.69696044921875
2024-05-10,151.9199981689453,89.82730102539062
2024-05-13,150.55999755859375,90.34803009033203
2024-05-14,153.16000366210938,91.30447387695312
2024-05-15,159.6699981689453,94.57662200927734
2024-05-16,162.6199951171875,94.3057861328125
2024-05-17,164.47000122070312,92.42683410644531
2024-05-20,166.3300018310547,94.72655487060547
2024-05-21,164.66000366210938,95.33219909667969
2024-05-22,165.52000427246094,94.89645385742188
2024-05-23,160.42999267578125,103.74047088623047
2024-05-24,166.36000061035156,106.4089584350586
2024-05-28,171.61000061035156,113.83675384521484
2024-05-29,165.13999938964844,114.7602310180664
2024-05-30,166.75,110.43767547607422
2024-05-31,166.89999389648438,109.5711669921875
2024-06-03,163.5500030517578,114.93513488769531
2024-06-04,159.99000549316406,116.37133026123047
2024-06-05,166.1699981689453,122.37095642089844
2024-06-06,166.77999877929688,120.92974853515625
2024-06-07,167.8699951171875,120.81981658935547
2024-06-10,160.33999633789062,121.72129821777344
2024-06-11,158.9600067138672,120.85173797607422
2024-06-12,160.24000549316406,125.13966369628906
2024-06-13,159.89999389648438,129.5475311279297
2024-06-14,159.6300048828125,131.81643676757812
2024-06-17,158.39999389648438,130.9168701171875
2024-06-18,154.6300048828125,135.5146484375
2024-06-20,161.77999877929688,130.7169647216797
2024-06-21,161.22999572753906,126.50900268554688
2024-06-24,160.25,118.05307006835938
2024-06-25,160.25,126.02923583984375
2024-06-26,157.5399932861328,126.33908081054688
2024-06-27,159.47000122070312,123.93024444580078
2024-06-28,162.2100067138672,123.48046112060547
2024-07-01,157.69000244140625,124.24009704589844
2024-07-02,164.30999755859375,122.61088562011719
2024-07-03,163.89999389648438,128.21817016601562
2024-07-05,171.89999389648438,125.76936340332031
2024-07-08,178.69000244140625,128.13819885253906
2024-07-09,177.10000610351562,131.3166961669922
2024-07-10,183.9600067138672,134.84500122070312
2024-07-11,181.94000244140625,127.3386001586914
2024-07-12,181.61000061035156,129.177734375
2024-07-15,179.8300018310547,128.3780975341797
2024-07-16,177.5500030517578,126.29911041259766
2024-07-17,159.42999267578125,117.93312072753906
2024-07-18,155.77000427246094,121.0316390991211
2024-07-19,151.5800018310547,117.8731689453125
2024-07-22,155.8699951171875,123.48046112060547
2024-07-23,154.0,122.53092193603516
2024-07-24,144.6300048828125,114.19493865966797
2024-07-25,138.32000732421875,112.22589111328125
2024-07-26,139.99000549316406,113.00550842285156
2024-07-29,139.75,111.53621673583984
2024-07-30,138.44000244140625,103.68000793457031
2024-07-31,144.47999572753906,116.9636001586914
2024-08-01,132.5399932861328,109.15736389160156
2024-08-02,132.5,107.21829986572266
2024-08-05,134.82000732421875,100.40158081054688
2024-08-06,130.17999267578125,104.19976043701172
2024-08-07,128.6699981689453,98.8623275756836
2024-08-08,136.32000732421875,104.9194107055664
2024-08-09,134.27000427246094,104.69952392578125
2024-08-12,136.77000427246094,108.96746063232422
2024-08-13,141.1300048828125,116.08402252197266
2024-08-14,140.75,118.0230941772461
2024-08-15,147.36000061035156,122.80078887939453
2024-08-16,148.55999755859375,124.51997375488281
2024-08-19,155.27999877929688,129.93736267089844
2024-08-20,156.39999389648438,127.18867492675781
2024-08-21,157.80999755859375,128.4380645751953
2024-08-22,151.6999969482422,123.68035888671875
2024-08-23,154.97999572753906,129.30763244628906
2024-08-26,149.99000549316406,126.39905548095703
2024-08-27,150.5,128.23817443847656
2024-08-28,146.36000061035156,125.54946899414062
2024-08-29,145.49000549316406,117.5333251953125
2024-08-30,148.55999755859375,119.31246948242188
2024-09-03,136.94000244140625,107.94794464111328
2024-09-04,140.8699951171875,106.1588134765625
2024-09-05,139.44000244140625,107.15834045410156
2024-09-06,134.35000610351562,102.78044128417969
2024-09-09,138.14999389648438,106.41868591308594
2024-09-10,142.83999633789062,108.04788970947266
2024-09-11,149.86000061035156,116.8536605834961
2024-09-12,150.77000427246094,119.0927734375
2024-09-13,152.30999755859375,119.05278015136719
2024-09-16,152.0800018310547,116.73370361328125
2024-09-17,150.82000732421875,115.54417419433594
2024-09-18,148.2899932861328,113.32505798339844
2024-09-19,156.74000549316406,117.8232650756836
2024-09-20,155.9499969482422,115.95401763916016
2024-09-23,156.75,116.21391296386719
2024-09-24,158.32000732421875,120.82208251953125
2024-09-25,162.02000427246094,123.4610366821289
2024-09-26,167.49000549316406,123.99082946777344
2024-09-27,164.35000610351562,121.35187530517578
2024-09-30,164.0800018310547,121.39186096191406
2024-10-01,159.75,116.95361328125
2024-10-02,159.77999877929688,118.80289459228516
2024-10-03,162.85000610351562,122.80130004882812
2024-10-04,170.89999389648438,124.87047576904297
2024-10-07,170.97000122070312,127.66937255859375
2024-10-08,172.8000030517578,132.83731079101562
2024-10-09,171.02000427246094,132.59742736816406
2024-10-10,164.17999267578125,134.75656127929688
2024-10-11,167.88999938964844,134.74656677246094
2024-10-14,165.27000427246094,138.01527404785156
2024-10-15,156.63999938964844,131.54783630371094
2024-10-16,156.1300048828125,135.6662139892578
2024-10-17,156.25,136.87570190429688
2024-10-18,155.97000122070312,137.94529724121094
2024-10-21,157.89999389648438,143.6530303955078
2024-10-22,154.08999633789062,143.53309631347656
2024-10-23,152.91000366210938,139.50466918945312
2024-10-24,153.44000244140625,140.35433959960938
2024-10-25,156.22999572753906,141.48388671875
2024-10-28,159.9199981689453,140.46429443359375
2024-10-29,166.25,141.19400024414062
2024-10-30,148.60000610351562,139.28475952148438
2024-10-31,144.07000732421875,132.70738220214844
2024-11-01,141.86000061035156,135.34632873535156
2024-11-04,140.7100067138672,135.99606323242188
2024-11-05,141.66000366210938,139.8545379638672
2024-11-06,145.10000610351562,145.5522918701172
2024-11-07,149.82000732421875,148.8209991455078
2024-11-08,147.9499969482422,147.5714569091797
2024-11-11,147.35000610351562,145.20240783691406
2024-11-12,143.6300048828125,148.23118591308594
2024-11-13,139.3000030517578,146.21202087402344
2024-11-14,138.83999633789062,146.70181274414062
2024-11-15,134.89999389648438,141.9237060546875
2024-11-18,138.92999267578125,140.09442138671875
2024-11-19,139.38999938964844,146.95172119140625
2024-11-20,137.60000610351562,145.83216857910156
2024-11-21,137.49000549316406,146.6118621826172
2024-11-22,138.35000610351562,141.89373779296875
2024-11-25,141.1300048828125,135.96609497070312
2024-11-26,137.72000122070312,136.86572265625
2024-11-27,136.24000549316406,135.2863311767578
2024-11-29,137.17999267578125,138.19520568847656
2024-12-02,142.05999755859375,138.57504272460938
2024-12-03,141.97999572753906,140.20440673828125
2024-12-04,143.99000549316406,145.0824737548828
2024-12-05,141.36000061035156,145.01248168945312
2024-12-06,138.58999633789062,142.3933563232422
2024-12-09,130.8699951171875,138.7645263671875
2024-12-10,127.73999786376953,135.0257568359375
2024-12-11,130.14999389648438,139.2643585205078
2024-12-12,130.60000610351562,137.29501342773438
2024-12-13,126.91000366210938,134.20602416992188
2024-12-16,126.69000244140625,131.9567413330078
2024-12-17,125.0199966430664,130.3472900390625
2024-12-18,121.41000366210938,128.86778259277344
2024-12-19,118.87999725341797,130.6371612548828
2024-12-20,119.20999908447266,134.65586853027344
2024-12-23,124.5999984741211,139.62425231933594
2024-12-24,126.29000091552734,140.174072265625
2024-12-26,125.05999755859375,139.88417053222656
2024-12-27,125.19000244140625,136.96511840820312
2024-12-30,122.44000244140625,137.4449462890625
2024-12-31,120.79000091552734,134.2460174560547
